gamma,strategy,spread,mean_profit,std_profit,mean_q,std_q
0.1,inventory,1.2907704227514234,64.62060054434468,6.600264850401253,0.118,2.896630191527125
0.1,symmetric,1.2907704227514234,68.16775832196986,13.072449401547928,-0.284,8.197227490959278
0.01,inventory,1.3289085437337023,68.23095577084311,9.057311574612598,0.149,5.131386764816128
0.01,symmetric,1.3289085437337023,68.29861620992874,13.131384521593214,0.326,8.60498516964264
0.5,inventory,1.1507282898071234,48.530126191837084,5.97625019281178,-0.086,2.0151090949783996
0.5,symmetric,1.1507282898071234,58.20726842249367,11.454392964201812,0.121,7.281028249661745
